,rule,"((0,), (1,), (2,))","((0,), (1,))","((0,), (2,))","((0,), (1, 2))","((0,),)","((1,), (2,))","((1,), (0, 2))","((2,), (0, 1))","((0, 1), (0, 2), (1, 2))","((0, 1), (0, 2))","((1,),)","((0, 1), (1, 2))","((0, 1),)","((2,),)","((0, 2), (1, 2))","((0, 2),)","((1, 2),)","((0, 1, 2),)"
0,0,0.0,0.0,0.0,0.0,0.0,0.0,0.0,0.0,0.0,0.0,0.0,0.0,0.0,0.0,0.0,0.0,0.0,0.0
1,1,0.1379253809700299,0.0,0.0,0.0,0.0,0.0,0.0,0.0,0.15563906222956644,0.0,0.0,0.0,0.0,0.0,0.0,0.0,0.0,0.24999999999999994
2,2,0.1379253809700299,0.0,0.0,0.0,0.0,0.0,0.0,0.0,0.15563906222956644,0.0,0.0,0.0,0.0,0.0,0.0,0.0,0.0,0.24999999999999994
3,3,0.0,0.3112781244591328,0.0,0.0,0.0,0.0,0.0,0.0,0.0,0.0,0.0,0.0,0.49999999999999994,0.0,0.0,0.0,0.0,0.0
4,4,0.1379253809700299,0.0,0.0,0.0,0.0,0.0,0.0,0.0,0.15563906222956644,0.0,0.0,0.0,0.0,0.0,0.0,0.0,0.0,0.24999999999999994
5,5,0.0,0.0,0.3112781244591328,0.0,0.0,0.0,0.0,0.0,0.0,0.0,0.0,0.0,0.0,0.0,0.0,0.49999999999999994,0.0,0.0
6,6,0.0,0.0,0.0,0.3112781244591328,0.0,0.0,0.0,0.0,0.0,0.0,0.0,0.0,0.0,0.0,0.0,0.0,0.0,0.49999999999999994
7,7,0.04879494069539851,0.0,0.0,0.15563906222956647,0.3443609377704336,0.0,0.0,0.0,-2.7755575615628914e-17,0.15563906222956636,0.0,0.0,0.0,0.0,2.7755575615628914e-17,0.0,0.0,0.25
8,8,0.1379253809700299,0.0,0.0,0.0,0.0,0.0,0.0,0.0,0.15563906222956644,0.0,0.0,0.0,0.0,0.0,0.0,0.0,0.0,0.24999999999999994
9,9,0.0,0.0,0.0,0.3112781244591328,0.0,0.0,0.0,0.0,0.0,0.0,0.0,0.0,0.0,0.0,0.0,0.0,0.0,0.49999999999999994
10,10,0.0,0.0,0.3112781244591328,0.0,0.0,0.0,0.0,0.0,0.0,0.0,0.0,0.0,0.0,0.0,0.0,0.49999999999999994,0.0,0.0
11,11,0.04879494069539851,0.0,0.0,0.15563906222956647,0.3443609377704336,0.0,0.0,0.0,-2.7755575615628914e-17,0.15563906222956636,0.0,0.0,0.0,0.0,2.7755575615628914e-17,0.0,0.0,0.25
12,12,0.0,0.3112781244591328,0.0,0.0,0.0,0.0,0.0,0.0,0.0,0.0,0.0,0.0,0.49999999999999994,0.0,0.0,0.0,0.0,0.0
13,13,0.04879494069539851,0.0,0.0,0.15563906222956642,0.34436093777043364,0.0,0.0,0.0,0.0,0.15563906222956636,0.0,0.0,0.0,0.0,0.0,0.0,0.0,0.25
14,14,0.04879494069539851,0.0,0.0,0.15563906222956642,0.34436093777043364,0.0,0.0,0.0,0.0,0.15563906222956636,0.0,0.0,0.0,0.0,0.0,0.0,0.0,0.25
15,15,0.0,0.0,0.0,0.0,1.0,0.0,0.0,0.0,0.0,0.0,0.0,0.0,0.0,0.0,0.0,0.0,0.0,0.0
16,16,0.1379253809700299,0.0,0.0,0.0,0.0,0.0,0.0,0.0,0.15563906222956644,0.0,0.0,0.0,0.0,0.0,0.0,0.0,0.0,0.24999999999999994
17,17,0.0,0.0,0.0,0.0,0.0,0.3112781244591328,0.0,0.0,0.0,0.0,0.0,0.0,0.0,0.0,0.0,0.0,0.49999999999999994,0.0
18,18,0.0,0.0,0.0,0.0,0.0,0.0,0.3112781244591328,0.0,0.0,0.0,0.0,0.0,0.0,0.0,0.0,0.0,0.0,0.49999999999999994
19,19,0.04879494069539851,0.0,0.0,0.0,0.0,0.0,0.15563906222956647,0.0,-2.7755575615628914e-17,0.0,0.3443609377704336,0.15563906222956636,0.0,0.0,2.7755575615628914e-17,0.0,0.0,0.25
20,20,0.0,0.0,0.0,0.0,0.0,0.0,0.0,0.3112781244591328,0.0,0.0,0.0,0.0,0.0,0.0,0.0,0.0,0.0,0.49999999999999994
21,21,0.04879494069539851,0.0,0.0,0.0,0.0,0.0,0.0,0.15563906222956647,-2.7755575615628914e-17,2.7755575615628914e-17,0.0,2.7755575615628914e-17,-2.7755575615628914e-17,0.3443609377704336,0.15563906222956647,0.0,-1.1102230246251565e-16,0.2500000000000001
22,22,0.04879494069539851,0.0,0.0,0.0,0.0,0.0,0.0,0.0,0.15563906222956647,-2.7755575615628914e-17,0.0,-2.7755575615628914e-17,2.7755575615628914e-17,0.0,-2.7755575615628914e-17,2.7755575615628914e-17,2.7755575615628914e-17,0.75
23,23,0.18872187554086717,0.0,0.0,0.0,0.0,0.0,0.0,0.0,0.31127812445913283,0.0,0.0,0.0,0.0,0.0,0.0,0.0,0.0,0.5
24,24,0.0,0.0,0.0,0.0,0.0,0.0,0.0,0.0,0.3112781244591328,0.0,0.0,0.0,0.0,0.0,0.0,0.0,0.0,0.49999999999999994
25,25,0.04879494069539851,0.0,0.0,0.0,0.0,0.0,0.0,0.0,0.15563906222956647,-2.7755575615628914e-17,0.0,-2.7755575615628914e-17,2.7755575615628914e-17,0.0,-2.7755575615628914e-17,2.7755575615628914e-17,0.5,0.25
26,26,0.04879494069539851,0.0,0.0,0.0,0.0,0.0,0.0,0.0,0.15563906222956647,-2.7755575615628914e-17,0.0,-2.7755575615628914e-17,2.7755575615628914e-17,0.0,-2.7755575615628914e-17,0.5,2.7755575615628914e-17,0.25
27,27,0.0,0.18872187554086717,0.0,0.0,0.0,0.0,0.0,0.0,0.31127812445913283,0.0,0.0,0.0,0.0,0.0,0.0,0.0,0.0,0.5
28,28,0.04879494069539851,0.0,0.0,0.0,0.0,0.0,0.0,0.0,0.15563906222956642,2.7755575615628914e-17,0.0,0.0,0.5,0.0,0.0,2.7755575615628914e-17,0.0,0.25
29,29,0.0,0.0,0.18872187554086717,0.0,0.0,0.0,0.0,0.0,0.31127812445913283,0.0,0.0,0.0,0.0,0.0,0.0,0.0,0.0,0.5
30,30,0.0,0.0,0.0,0.0,0.18872187554086717,0.0,0.0,0.0,0.0,0.31127812445913283,0.0,0.0,0.0,0.0,0.0,0.0,0.0,0.5
31,31,0.04879494069539851,0.0,0.0,0.15563906222956642,0.34436093777043364,0.0,0.0,0.0,0.0,0.15563906222956636,0.0,0.0,0.0,0.0,0.0,0.0,0.0,0.25
32,32,0.1379253809700299,0.0,0.0,0.0,0.0,0.0,0.0,0.0,0.15563906222956644,0.0,0.0,0.0,0.0,0.0,0.0,0.0,0.0,0.24999999999999994
33,33,0.0,0.0,0.0,0.0,0.0,0.0,0.3112781244591328,0.0,0.0,0.0,0.0,0.0,0.0,0.0,0.0,0.0,0.0,0.49999999999999994
34,34,0.0,0.0,0.0,0.0,0.0,0.3112781244591328,0.0,0.0,0.0,0.0,0.0,0.0,0.0,0.0,0.0,0.0,0.49999999999999994,0.0
35,35,0.04879494069539851,0.0,0.0,0.0,0.0,0.0,0.15563906222956647,0.0,-2.7755575615628914e-17,0.0,0.3443609377704336,0.15563906222956636,0.0,0.0,2.7755575615628914e-17,0.0,0.0,0.25
36,36,0.0,0.0,0.0,0.0,0.0,0.0,0.0,0.0,0.3112781244591328,0.0,0.0,0.0,0.0,0.0,0.0,0.0,0.0,0.49999999999999994
37,37,0.04879494069539851,0.0,0.0,0.0,0.0,0.0,0.0,0.0,0.15563906222956647,-2.7755575615628914e-17,0.0,-2.7755575615628914e-17,2.7755575615628914e-17,0.0,-2.7755575615628914e-17,0.5,2.7755575615628914e-17,0.25
38,38,0.04879494069539851,0.0,0.0,0.0,0.0,0.0,0.0,0.0,0.15563906222956647,-2.7755575615628914e-17,0.0,-2.7755575615628914e-17,2.7755575615628914e-17,0.0,-2.7755575615628914e-17,2.7755575615628914e-17,0.5,0.25
39,39,0.0,0.18872187554086717,0.0,0.0,0.0,0.0,0.0,0.0,0.31127812445913283,0.0,0.0,0.0,0.0,0.0,0.0,0.0,0.0,0.5
40,40,0.0,0.0,0.0,0.0,0.0,0.0,0.0,0.3112781244591328,0.0,0.0,0.0,0.0,0.0,0.0,0.0,0.0,0.0,0.49999999999999994
41,41,0.04879494069539851,0.0,0.0,0.0,0.0,0.0,0.0,0.0,0.15563906222956647,-2.7755575615628914e-17,0.0,-2.7755575615628914e-17,2.7755575615628914e-17,0.0,-2.7755575615628914e-17,2.7755575615628914e-17,2.7755575615628914e-17,0.75
42,42,0.04879494069539851,0.0,0.0,0.0,0.0,0.0,0.0,0.15563906222956647,-2.7755575615628914e-17,2.7755575615628914e-17,0.0,2.7755575615628914e-17,-2.7755575615628914e-17,0.3443609377704336,0.15563906222956647,0.0,-1.1102230246251565e-16,0.2500000000000001
43,43,0.18872187554086717,0.0,0.0,0.0,0.0,0.0,0.0,0.0,0.31127812445913283,0.0,0.0,0.0,0.0,0.0,0.0,0.0,0.0,0.5
44,44,0.04879494069539851,0.0,0.0,0.0,0.0,0.0,0.0,0.0,0.15563906222956642,2.7755575615628914e-17,0.0,0.0,0.5,0.0,0.0,2.7755575615628914e-17,0.0,0.25
45,45,0.0,0.0,0.0,0.0,0.18872187554086717,0.0,0.0,0.0,0.0,0.31127812445913283,0.0,0.0,0.0,0.0,0.0,0.0,0.0,0.5
46,46,0.0,0.0,0.18872187554086717,0.0,0.0,0.0,0.0,0.0,0.31127812445913283,0.0,0.0,0.0,0.0,0.0,0.0,0.0,0.0,0.5
47,47,0.04879494069539851,0.0,0.0,0.15563906222956642,0.34436093777043364,0.0,0.0,0.0,0.0,0.15563906222956636,0.0,0.0,0.0,0.0,0.0,0.0,0.0,0.25
48,48,0.0,0.3112781244591328,0.0,0.0,0.0,0.0,0.0,0.0,0.0,0.0,0.0,0.0,0.49999999999999994,0.0,0.0,0.0,0.0,0.0
49,49,0.04879494069539851,0.0,0.0,0.0,0.0,0.0,0.15563906222956642,0.0,0.0,0.0,0.34436093777043364,0.15563906222956636,0.0,0.0,0.0,0.0,0.0,0.25
50,50,0.04879494069539851,0.0,0.0,0.0,0.0,0.0,0.15563906222956642,0.0,0.0,0.0,0.34436093777043364,0.15563906222956636,0.0,0.0,0.0,0.0,0.0,0.25
51,51,0.0,0.0,0.0,0.0,0.0,0.0,0.0,0.0,0.0,0.0,1.0,0.0,0.0,0.0,0.0,0.0,0.0,0.0
52,52,0.04879494069539851,0.0,0.0,0.0,0.0,0.0,0.0,0.0,0.15563906222956642,0.0,0.0,2.7755575615628914e-17,0.5,0.0,0.0,0.0,2.7755575615628914e-17,0.25
53,53,0.0,0.0,0.0,0.0,0.0,0.18872187554086717,0.0,0.0,0.31127812445913283,0.0,0.0,0.0,0.0,0.0,0.0,0.0,0.0,0.5
54,54,0.0,0.0,0.0,0.0,0.0,0.0,0.0,0.0,0.0,0.0,0.18872187554086717,0.31127812445913283,0.0,0.0,0.0,0.0,0.0,0.5
55,55,0.04879494069539851,0.0,0.0,0.0,0.0,0.0,0.15563906222956642,0.0,0.0,0.0,0.34436093777043364,0.15563906222956636,0.0,0.0,0.0,0.0,0.0,0.25
56,56,0.04879494069539851,0.0,0.0,0.0,0.0,0.0,0.0,0.0,0.15563906222956642,0.0,0.0,2.7755575615628914e-17,0.5,0.0,0.0,0.0,2.7755575615628914e-17,0.25
57,57,0.0,0.0,0.0,0.0,0.0,0.0,0.0,0.0,0.0,0.0,0.18872187554086717,0.31127812445913283,0.0,0.0,0.0,0.0,0.0,0.5
58,58,0.0,0.0,0.0,0.0,0.0,0.18872187554086717,0.0,0.0,0.31127812445913283,0.0,0.0,0.0,0.0,0.0,0.0,0.0,0.0,0.5
59,59,0.04879494069539851,0.0,0.0,0.0,0.0,0.0,0.15563906222956642,0.0,0.0,0.0,0.34436093777043364,0.15563906222956636,0.0,0.0,0.0,0.0,0.0,0.25
60,60,0.0,0.0,0.0,0.0,0.0,0.0,0.0,0.0,0.0,0.0,0.0,0.0,1.0,0.0,0.0,0.0,0.0,0.0
61,61,0.04879494069539851,0.0,0.0,0.0,0.0,0.0,0.0,0.0,0.15563906222956642,0.0,0.0,0.0,0.5,0.0,0.0,0.0,0.0,0.25
62,62,0.04879494069539851,0.0,0.0,0.0,0.0,0.0,0.0,0.0,0.15563906222956642,0.0,0.0,0.0,0.5,0.0,0.0,0.0,0.0,0.25
63,63,0.0,0.3112781244591328,0.0,0.0,0.0,0.0,0.0,0.0,0.0,0.0,0.0,0.0,0.49999999999999994,0.0,0.0,0.0,0.0,0.0
64,64,0.1379253809700299,0.0,0.0,0.0,0.0,0.0,0.0,0.0,0.15563906222956644,0.0,0.0,0.0,0.0,0.0,0.0,0.0,0.0,0.24999999999999994
65,65,0.0,0.0,0.0,0.0,0.0,0.0,0.0,0.3112781244591328,0.0,0.0,0.0,0.0,0.0,0.0,0.0,0.0,0.0,0.49999999999999994
66,66,0.0,0.0,0.0,0.0,0.0,0.0,0.0,0.0,0.3112781244591328,0.0,0.0,0.0,0.0,0.0,0.0,0.0,0.0,0.49999999999999994
67,67,0.04879494069539851,0.0,0.0,0.0,0.0,0.0,0.0,0.0,0.15563906222956647,-2.7755575615628914e-17,0.0,-2.7755575615628914e-17,0.5,0.0,-2.7755575615628914e-17,2.7755575615628914e-17,2.7755575615628914e-17,0.25
68,68,0.0,0.0,0.0,0.0,0.0,0.3112781244591328,0.0,0.0,0.0,0.0,0.0,0.0,0.0,0.0,0.0,0.0,0.49999999999999994,0.0
69,69,0.04879494069539851,0.0,0.0,0.0,0.0,0.0,0.0,0.15563906222956647,-2.7755575615628914e-17,2.7755575615628914e-17,0.0,2.7755575615628914e-17,-2.7755575615628914e-17,0.3443609377704336,0.15563906222956647,0.0,-1.1102230246251565e-16,0.2500000000000001
70,70,0.04879494069539851,0.0,0.0,0.0,0.0,0.0,0.0,0.0,0.15563906222956647,-2.7755575615628914e-17,0.0,-2.7755575615628914e-17,2.7755575615628914e-17,0.0,-2.7755575615628914e-17,2.7755575615628914e-17,0.5,0.25
71,71,0.0,0.0,0.18872187554086717,0.0,0.0,0.0,0.0,0.0,0.31127812445913283,0.0,0.0,0.0,0.0,0.0,0.0,0.0,0.0,0.5
72,72,0.0,0.0,0.0,0.0,0.0,0.0,0.3112781244591328,0.0,0.0,0.0,0.0,0.0,0.0,0.0,0.0,0.0,0.0,0.49999999999999994
73,73,0.04879494069539851,0.0,0.0,0.0,0.0,0.0,0.0,0.0,0.15563906222956642,2.7755575615628914e-17,0.0,0.0,2.7755575615628914e-17,0.0,0.0,2.7755575615628914e-17,0.0,0.7499999999999999
74,74,0.04879494069539851,0.0,0.0,0.0,0.0,0.0,0.0,0.0,0.15563906222956642,2.7755575615628914e-17,0.0,0.0,2.7755575615628914e-17,0.0,0.0,0.5,0.0,0.25
75,75,0.0,0.0,0.0,0.0,0.18872187554086717,0.0,0.0,0.0,0.0,0.31127812445913283,0.0,0.0,0.0,0.0,0.0,0.0,0.0,0.5
76,76,0.04879494069539851,0.0,0.0,0.0,0.0,0.0,0.15563906222956647,0.0,-2.7755575615628914e-17,0.0,0.3443609377704336,0.15563906222956636,0.0,0.0,2.7755575615628914e-17,0.0,0.0,0.25
77,77,0.18872187554086717,0.0,0.0,0.0,0.0,0.0,0.0,0.0,0.31127812445913283,0.0,0.0,0.0,0.0,0.0,0.0,0.0,0.0,0.5
78,78,0.0,0.18872187554086717,0.0,0.0,0.0,0.0,0.0,0.0,0.31127812445913283,0.0,0.0,0.0,0.0,0.0,0.0,0.0,0.0,0.5
79,79,0.04879494069539851,0.0,0.0,0.15563906222956647,0.3443609377704336,0.0,0.0,0.0,-2.7755575615628914e-17,0.15563906222956636,0.0,0.0,0.0,0.0,2.7755575615628914e-17,0.0,0.0,0.25
80,80,0.0,0.0,0.3112781244591328,0.0,0.0,0.0,0.0,0.0,0.0,0.0,0.0,0.0,0.0,0.0,0.0,0.49999999999999994,0.0,0.0
81,81,0.04879494069539851,0.0,0.0,0.0,0.0,0.0,0.0,0.15563906222956642,0.0,0.0,0.0,0.0,0.0,0.34436093777043364,0.15563906222956636,0.0,0.0,0.25
82,82,0.04879494069539851,0.0,0.0,0.0,0.0,0.0,0.0,0.0,0.15563906222956642,0.0,0.0,0.0,0.0,0.0,2.7755575615628914e-17,0.5,2.7755575615628914e-17,0.25
83,83,0.0,0.0,0.0,0.0,0.0,0.18872187554086717,0.0,0.0,0.31127812445913283,0.0,0.0,0.0,0.0,0.0,0.0,0.0,0.0,0.5
84,84,0.04879494069539851,0.0,0.0,0.0,0.0,0.0,0.0,0.15563906222956642,0.0,0.0,0.0,0.0,0.0,0.34436093777043364,0.15563906222956636,0.0,0.0,0.25
85,85,0.0,0.0,0.0,0.0,0.0,0.0,0.0,0.0,0.0,0.0,0.0,0.0,0.0,1.0,0.0,0.0,0.0,0.0
86,86,0.0,0.0,0.0,0.0,0.0,0.0,0.0,0.0,0.0,0.0,0.0,0.0,0.0,0.18872187554086717,0.31127812445913283,0.0,0.0,0.5
87,87,0.04879494069539851,0.0,0.0,0.0,0.0,0.0,0.0,0.15563906222956642,0.0,0.0,0.0,0.0,0.0,0.34436093777043364,0.15563906222956636,0.0,0.0,0.25
88,88,0.04879494069539851,0.0,0.0,0.0,0.0,0.0,0.0,0.0,0.15563906222956642,0.0,0.0,0.0,0.0,0.0,0.0,0.5,0.0,0.25
89,89,0.0,0.0,0.0,0.0,0.0,0.0,0.0,0.0,0.0,0.0,0.0,0.0,0.0,0.18872187554086717,0.31127812445913283,0.0,0.0,0.5
90,90,0.0,0.0,0.0,0.0,0.0,0.0,0.0,0.0,0.0,0.0,0.0,0.0,0.0,0.0,0.0,1.0,0.0,0.0
91,91,0.04879494069539851,0.0,0.0,0.0,0.0,0.0,0.0,0.0,0.15563906222956642,0.0,0.0,0.0,0.0,0.0,0.0,0.5,0.0,0.25
92,92,0.0,0.0,0.0,0.0,0.0,0.18872187554086717,0.0,0.0,0.31127812445913283,0.0,0.0,0.0,0.0,0.0,0.0,0.0,0.0,0.5
93,93,0.04879494069539851,0.0,0.0,0.0,0.0,0.0,0.0,0.15563906222956642,0.0,0.0,0.0,0.0,0.0,0.34436093777043364,0.15563906222956636,0.0,0.0,0.25
94,94,0.04879494069539851,0.0,0.0,0.0,0.0,0.0,0.0,0.0,0.15563906222956642,0.0,0.0,0.0,0.0,0.0,2.7755575615628914e-17,0.5,2.7755575615628914e-17,0.25
95,95,0.0,0.0,0.3112781244591328,0.0,0.0,0.0,0.0,0.0,0.0,0.0,0.0,0.0,0.0,0.0,0.0,0.49999999999999994,0.0,0.0
96,96,0.0,0.0,0.0,0.3112781244591328,0.0,0.0,0.0,0.0,0.0,0.0,0.0,0.0,0.0,0.0,0.0,0.0,0.0,0.49999999999999994
97,97,0.04879494069539851,0.0,0.0,0.0,0.0,0.0,0.0,0.0,0.15563906222956642,0.0,0.0,0.0,0.0,0.0,0.0,0.0,2.7755575615628914e-17,0.75
98,98,0.04879494069539851,0.0,0.0,0.0,0.0,0.0,0.0,0.0,0.15563906222956642,0.0,0.0,0.0,0.0,0.0,0.0,0.0,0.5,0.25
99,99,0.0,0.0,0.0,0.0,0.0,0.0,0.0,0.0,0.0,0.0,0.18872187554086717,0.31127812445913283,0.0,0.0,0.0,0.0,0.0,0.5
100,100,0.04879494069539851,0.0,0.0,0.0,0.0,0.0,0.0,0.0,0.15563906222956642,0.0,0.0,0.0,0.0,0.0,0.0,0.0,0.5,0.25
101,101,0.0,0.0,0.0,0.0,0.0,0.0,0.0,0.0,0.0,0.0,0.0,0.0,0.0,0.18872187554086717,0.31127812445913283,0.0,0.0,0.5
102,102,0.0,0.0,0.0,0.0,0.0,0.0,0.0,0.0,0.0,0.0,0.0,0.0,0.0,0.0,0.0,0.0,1.0,0.0
103,103,0.04879494069539851,0.0,0.0,0.0,0.0,0.0,0.0,0.0,0.15563906222956642,0.0,0.0,0.0,0.0,0.0,0.0,0.0,0.5,0.25
104,104,0.04879494069539851,0.0,0.0,0.0,0.0,0.0,0.0,0.0,0.15563906222956642,0.0,0.0,0.0,0.0,0.0,0.0,0.0,0.0,0.75
105,105,0.0,0.0,0.0,0.0,0.0,0.0,0.0,0.0,0.0,0.0,0.0,0.0,0.0,0.0,0.0,0.0,0.0,1.0
106,106,0.0,0.0,0.0,0.0,0.0,0.0,0.0,0.0,0.0,0.0,0.0,0.0,0.0,0.18872187554086717,0.31127812445913283,0.0,0.0,0.5
107,107,0.04879494069539851,0.0,0.0,0.0,0.0,0.0,0.0,0.0,0.15563906222956642,0.0,0.0,0.0,0.0,0.0,0.0,0.0,0.0,0.75
108,108,0.0,0.0,0.0,0.0,0.0,0.0,0.0,0.0,0.0,0.0,0.18872187554086717,0.31127812445913283,0.0,0.0,0.0,0.0,0.0,0.5
109,109,0.04879494069539851,0.0,0.0,0.0,0.0,0.0,0.0,0.0,0.15563906222956642,0.0,0.0,0.0,0.0,0.0,0.0,0.0,2.7755575615628914e-17,0.75
110,110,0.04879494069539851,0.0,0.0,0.0,0.0,0.0,0.0,0.0,0.15563906222956642,0.0,0.0,0.0,0.0,0.0,0.0,0.0,0.5,0.25
111,111,0.0,0.0,0.0,0.3112781244591328,0.0,0.0,0.0,0.0,0.0,0.0,0.0,0.0,0.0,0.0,0.0,0.0,0.0,0.49999999999999994
112,112,0.04879494069539851,0.0,0.0,0.15563906222956647,0.3443609377704336,0.0,0.0,0.0,-2.7755575615628914e-17,0.15563906222956636,0.0,0.0,0.0,0.0,2.7755575615628914e-17,0.0,0.0,0.25
113,113,0.18872187554086717,0.0,0.0,0.0,0.0,0.0,0.0,0.0,0.31127812445913283,0.0,0.0,0.0,0.0,0.0,0.0,0.0,0.0,0.5
114,114,0.0,0.18872187554086717,0.0,0.0,0.0,0.0,0.0,0.0,0.31127812445913283,0.0,0.0,0.0,0.0,0.0,0.0,0.0,0.0,0.5
115,115,0.04879494069539851,0.0,0.0,0.0,0.0,0.0,0.15563906222956647,0.0,-2.7755575615628914e-17,0.0,0.3443609377704336,0.15563906222956636,0.0,0.0,2.7755575615628914e-17,0.0,0.0,0.25
116,116,0.0,0.0,0.18872187554086717,0.0,0.0,0.0,0.0,0.0,0.31127812445913283,0.0,0.0,0.0,0.0,0.0,0.0,0.0,0.0,0.5
117,117,0.04879494069539851,0.0,0.0,0.0,0.0,0.0,0.0,0.15563906222956647,-2.7755575615628914e-17,2.7755575615628914e-17,0.0,2.7755575615628914e-17,-2.7755575615628914e-17,0.3443609377704336,0.15563906222956647,0.0,-1.1102230246251565e-16,0.2500000000000001
118,118,0.04879494069539851,0.0,0.0,0.0,0.0,0.0,0.0,0.0,0.15563906222956647,-2.7755575615628914e-17,0.0,-2.7755575615628914e-17,2.7755575615628914e-17,0.0,-2.7755575615628914e-17,2.7755575615628914e-17,0.5,0.25
119,119,0.0,0.0,0.0,0.0,0.0,0.3112781244591328,0.0,0.0,0.0,0.0,0.0,0.0,0.0,0.0,0.0,0.0,0.49999999999999994,0.0
120,120,0.0,0.0,0.0,0.0,0.18872187554086717,0.0,0.0,0.0,0.0,0.31127812445913283,0.0,0.0,0.0,0.0,0.0,0.0,0.0,0.5
121,121,0.04879494069539851,0.0,0.0,0.0,0.0,0.0,0.0,0.0,0.15563906222956642,2.7755575615628914e-17,0.0,0.0,2.7755575615628914e-17,0.0,0.0,2.7755575615628914e-17,0.0,0.7499999999999999
122,122,0.04879494069539851,0.0,0.0,0.0,0.0,0.0,0.0,0.0,0.15563906222956642,2.7755575615628914e-17,0.0,0.0,2.7755575615628914e-17,0.0,0.0,0.5,0.0,0.25
123,123,0.0,0.0,0.0,0.0,0.0,0.0,0.3112781244591328,0.0,0.0,0.0,0.0,0.0,0.0,0.0,0.0,0.0,0.0,0.49999999999999994
124,124,0.04879494069539851,0.0,0.0,0.0,0.0,0.0,0.0,0.0,0.15563906222956647,-2.7755575615628914e-17,0.0,-2.7755575615628914e-17,0.5,0.0,-2.7755575615628914e-17,2.7755575615628914e-17,2.7755575615628914e-17,0.25
125,125,0.0,0.0,0.0,0.0,0.0,0.0,0.0,0.3112781244591328,0.0,0.0,0.0,0.0,0.0,0.0,0.0,0.0,0.0,0.49999999999999994
126,126,0.0,0.0,0.0,0.0,0.0,0.0,0.0,0.0,0.3112781244591328,0.0,0.0,0.0,0.0,0.0,0.0,0.0,0.0,0.49999999999999994
127,127,0.1379253809700299,0.0,0.0,0.0,0.0,0.0,0.0,0.0,0.15563906222956644,0.0,0.0,0.0,0.0,0.0,0.0,0.0,0.0,0.24999999999999994
128,128,0.1379253809700299,0.0,0.0,0.0,0.0,0.0,0.0,0.0,0.15563906222956644,0.0,0.0,0.0,0.0,0.0,0.0,0.0,0.0,0.24999999999999994
129,129,0.0,0.0,0.0,0.0,0.0,0.0,0.0,0.0,0.3112781244591328,0.0,0.0,0.0,0.0,0.0,0.0,0.0,0.0,0.49999999999999994
130,130,0.0,0.0,0.0,0.0,0.0,0.0,0.0,0.3112781244591328,0.0,0.0,0.0,0.0,0.0,0.0,0.0,0.0,0.0,0.49999999999999994
131,131,0.04879494069539851,0.0,0.0,0.0,0.0,0.0,0.0,0.0,0.15563906222956647,-2.7755575615628914e-17,0.0,-2.7755575615628914e-17,0.5,0.0,-2.7755575615628914e-17,2.7755575615628914e-17,2.7755575615628914e-17,0.25
132,132,0.0,0.0,0.0,0.0,0.0,0.0,0.3112781244591328,0.0,0.0,0.0,0.0,0.0,0.0,0.0,0.0,0.0,0.0,0.49999999999999994
133,133,0.04879494069539851,0.0,0.0,0.0,0.0,0.0,0.0,0.0,0.15563906222956642,2.7755575615628914e-17,0.0,0.0,2.7755575615628914e-17,0.0,0.0,0.5,0.0,0.25
134,134,0.04879494069539851,0.0,0.0,0.0,0.0,0.0,0.0,0.0,0.15563906222956642,2.7755575615628914e-17,0.0,0.0,2.7755575615628914e-17,0.0,0.0,2.7755575615628914e-17,0.0,0.7499999999999999
135,135,0.0,0.0,0.0,0.0,0.18872187554086717,0.0,0.0,0.0,0.0,0.31127812445913283,0.0,0.0,0.0,0.0,0.0,0.0,0.0,0.5
136,136,0.0,0.0,0.0,0.0,0.0,0.3112781244591328,0.0,0.0,0.0,0.0,0.0,0.0,0.0,0.0,0.0,0.0,0.49999999999999994,0.0
137,137,0.04879494069539851,0.0,0.0,0.0,0.0,0.0,0.0,0.0,0.15563906222956647,-2.7755575615628914e-17,0.0,-2.7755575615628914e-17,2.7755575615628914e-17,0.0,-2.7755575615628914e-17,2.7755575615628914e-17,0.5,0.25
138,138,0.04879494069539851,0.0,0.0,0.0,0.0,0.0,0.0,0.15563906222956647,-2.7755575615628914e-17,2.7755575615628914e-17,0.0,2.7755575615628914e-17,-2.7755575615628914e-17,0.3443609377704336,0.15563906222956647,0.0,-1.1102230246251565e-16,0.2500000000000001
139,139,0.0,0.0,0.18872187554086717,0.0,0.0,0.0,0.0,0.0,0.31127812445913283,0.0,0.0,0.0,0.0,0.0,0.0,0.0,0.0,0.5
140,140,0.04879494069539851,0.0,0.0,0.0,0.0,0.0,0.15563906222956647,0.0,-2.7755575615628914e-17,0.0,0.3443609377704336,0.15563906222956636,0.0,0.0,2.7755575615628914e-17,0.0,0.0,0.25
141,141,0.0,0.18872187554086717,0.0,0.0,0.0,0.0,0.0,0.0,0.31127812445913283,0.0,0.0,0.0,0.0,0.0,0.0,0.0,0.0,0.5
142,142,0.18872187554086717,0.0,0.0,0.0,0.0,0.0,0.0,0.0,0.31127812445913283,0.0,0.0,0.0,0.0,0.0,0.0,0.0,0.0,0.5
143,143,0.04879494069539851,0.0,0.0,0.15563906222956647,0.3443609377704336,0.0,0.0,0.0,-2.7755575615628914e-17,0.15563906222956636,0.0,0.0,0.0,0.0,2.7755575615628914e-17,0.0,0.0,0.25
144,144,0.0,0.0,0.0,0.3112781244591328,0.0,0.0,0.0,0.0,0.0,0.0,0.0,0.0,0.0,0.0,0.0,0.0,0.0,0.49999999999999994
145,145,0.04879494069539851,0.0,0.0,0.0,0.0,0.0,0.0,0.0,0.15563906222956642,0.0,0.0,0.0,0.0,0.0,0.0,0.0,0.5,0.25
146,146,0.04879494069539851,0.0,0.0,0.0,0.0,0.0,0.0,0.0,0.15563906222956642,0.0,0.0,0.0,0.0,0.0,0.0,0.0,2.7755575615628914e-17,0.75
147,147,0.0,0.0,0.0,0.0,0.0,0.0,0.0,0.0,0.0,0.0,0.18872187554086717,0.31127812445913283,0.0,0.0,0.0,0.0,0.0,0.5
148,148,0.04879494069539851,0.0,0.0,0.0,0.0,0.0,0.0,0.0,0.15563906222956642,0.0,0.0,0.0,0.0,0.0,0.0,0.0,0.0,0.75
149,149,0.0,0.0,0.0,0.0,0.0,0.0,0.0,0.0,0.0,0.0,0.0,0.0,0.0,0.18872187554086717,0.31127812445913283,0.0,0.0,0.5
150,150,0.0,0.0,0.0,0.0,0.0,0.0,0.0,0.0,0.0,0.0,0.0,0.0,0.0,0.0,0.0,0.0,0.0,1.0
151,151,0.04879494069539851,0.0,0.0,0.0,0.0,0.0,0.0,0.0,0.15563906222956642,0.0,0.0,0.0,0.0,0.0,0.0,0.0,0.0,0.75
152,152,0.04879494069539851,0.0,0.0,0.0,0.0,0.0,0.0,0.0,0.15563906222956642,0.0,0.0,0.0,0.0,0.0,0.0,0.0,0.5,0.25
153,153,0.0,0.0,0.0,0.0,0.0,0.0,0.0,0.0,0.0,0.0,0.0,0.0,0.0,0.0,0.0,0.0,1.0,0.0
154,154,0.0,0.0,0.0,0.0,0.0,0.0,0.0,0.0,0.0,0.0,0.0,0.0,0.0,0.18872187554086717,0.31127812445913283,0.0,0.0,0.5
155,155,0.04879494069539851,0.0,0.0,0.0,0.0,0.0,0.0,0.0,0.15563906222956642,0.0,0.0,0.0,0.0,0.0,0.0,0.0,0.5,0.25
156,156,0.0,0.0,0.0,0.0,0.0,0.0,0.0,0.0,0.0,0.0,0.18872187554086717,0.31127812445913283,0.0,0.0,0.0,0.0,0.0,0.5
157,157,0.04879494069539851,0.0,0.0,0.0,0.0,0.0,0.0,0.0,0.15563906222956642,0.0,0.0,0.0,0.0,0.0,0.0,0.0,0.5,0.25
158,158,0.04879494069539851,0.0,0.0,0.0,0.0,0.0,0.0,0.0,0.15563906222956642,0.0,0.0,0.0,0.0,0.0,0.0,0.0,2.7755575615628914e-17,0.75
159,159,0.0,0.0,0.0,0.3112781244591328,0.0,0.0,0.0,0.0,0.0,0.0,0.0,0.0,0.0,0.0,0.0,0.0,0.0,0.49999999999999994
160,160,0.0,0.0,0.3112781244591328,0.0,0.0,0.0,0.0,0.0,0.0,0.0,0.0,0.0,0.0,0.0,0.0,0.49999999999999994,0.0,0.0
161,161,0.04879494069539851,0.0,0.0,0.0,0.0,0.0,0.0,0.0,0.15563906222956642,0.0,0.0,0.0,0.0,0.0,2.7755575615628914e-17,0.5,2.7755575615628914e-17,0.25
162,162,0.04879494069539851,0.0,0.0,0.0,0.0,0.0,0.0,0.15563906222956642,0.0,0.0,0.0,0.0,0.0,0.34436093777043364,0.15563906222956636,0.0,0.0,0.25
163,163,0.0,0.0,0.0,0.0,0.0,0.18872187554086717,0.0,0.0,0.31127812445913283,0.0,0.0,0.0,0.0,0.0,0.0,0.0,0.0,0.5
164,164,0.04879494069539851,0.0,0.0,0.0,0.0,0.0,0.0,0.0,0.15563906222956642,0.0,0.0,0.0,0.0,0.0,0.0,0.5,0.0,0.25
165,165,0.0,0.0,0.0,0.0,0.0,0.0,0.0,0.0,0.0,0.0,0.0,0.0,0.0,0.0,0.0,1.0,0.0,0.0
166,166,0.0,0.0,0.0,0.0,0.0,0.0,0.0,0.0,0.0,0.0,0.0,0.0,0.0,0.18872187554086717,0.31127812445913283,0.0,0.0,0.5
167,167,0.04879494069539851,0.0,0.0,0.0,0.0,0.0,0.0,0.0,0.15563906222956642,0.0,0.0,0.0,0.0,0.0,0.0,0.5,0.0,0.25
168,168,0.04879494069539851,0.0,0.0,0.0,0.0,0.0,0.0,0.15563906222956642,0.0,0.0,0.0,0.0,0.0,0.34436093777043364,0.15563906222956636,0.0,0.0,0.25
169,169,0.0,0.0,0.0,0.0,0.0,0.0,0.0,0.0,0.0,0.0,0.0,0.0,0.0,0.18872187554086717,0.31127812445913283,0.0,0.0,0.5
170,170,0.0,0.0,0.0,0.0,0.0,0.0,0.0,0.0,0.0,0.0,0.0,0.0,0.0,1.0,0.0,0.0,0.0,0.0
171,171,0.04879494069539851,0.0,0.0,0.0,0.0,0.0,0.0,0.15563906222956642,0.0,0.0,0.0,0.0,0.0,0.34436093777043364,0.15563906222956636,0.0,0.0,0.25
172,172,0.0,0.0,0.0,0.0,0.0,0.18872187554086717,0.0,0.0,0.31127812445913283,0.0,0.0,0.0,0.0,0.0,0.0,0.0,0.0,0.5
173,173,0.04879494069539851,0.0,0.0,0.0,0.0,0.0,0.0,0.0,0.15563906222956642,0.0,0.0,0.0,0.0,0.0,2.7755575615628914e-17,0.5,2.7755575615628914e-17,0.25
174,174,0.04879494069539851,0.0,0.0,0.0,0.0,0.0,0.0,0.15563906222956642,0.0,0.0,0.0,0.0,0.0,0.34436093777043364,0.15563906222956636,0.0,0.0,0.25
175,175,0.0,0.0,0.3112781244591328,0.0,0.0,0.0,0.0,0.0,0.0,0.0,0.0,0.0,0.0,0.0,0.0,0.49999999999999994,0.0,0.0
176,176,0.04879494069539851,0.0,0.0,0.15563906222956647,0.3443609377704336,0.0,0.0,0.0,-2.7755575615628914e-17,0.15563906222956636,0.0,0.0,0.0,0.0,2.7755575615628914e-17,0.0,0.0,0.25
177,177,0.0,0.18872187554086717,0.0,0.0,0.0,0.0,0.0,0.0,0.31127812445913283,0.0,0.0,0.0,0.0,0.0,0.0,0.0,0.0,0.5
178,178,0.18872187554086717,0.0,0.0,0.0,0.0,0.0,0.0,0.0,0.31127812445913283,0.0,0.0,0.0,0.0,0.0,0.0,0.0,0.0,0.5
179,179,0.04879494069539851,0.0,0.0,0.0,0.0,0.0,0.15563906222956647,0.0,-2.7755575615628914e-17,0.0,0.3443609377704336,0.15563906222956636,0.0,0.0,2.7755575615628914e-17,0.0,0.0,0.25
180,180,0.0,0.0,0.0,0.0,0.18872187554086717,0.0,0.0,0.0,0.0,0.31127812445913283,0.0,0.0,0.0,0.0,0.0,0.0,0.0,0.5
181,181,0.04879494069539851,0.0,0.0,0.0,0.0,0.0,0.0,0.0,0.15563906222956642,2.7755575615628914e-17,0.0,0.0,2.7755575615628914e-17,0.0,0.0,0.5,0.0,0.25
182,182,0.04879494069539851,0.0,0.0,0.0,0.0,0.0,0.0,0.0,0.15563906222956642,2.7755575615628914e-17,0.0,0.0,2.7755575615628914e-17,0.0,0.0,2.7755575615628914e-17,0.0,0.7499999999999999
183,183,0.0,0.0,0.0,0.0,0.0,0.0,0.3112781244591328,0.0,0.0,0.0,0.0,0.0,0.0,0.0,0.0,0.0,0.0,0.49999999999999994
184,184,0.0,0.0,0.18872187554086717,0.0,0.0,0.0,0.0,0.0,0.31127812445913283,0.0,0.0,0.0,0.0,0.0,0.0,0.0,0.0,0.5
185,185,0.04879494069539851,0.0,0.0,0.0,0.0,0.0,0.0,0.0,0.15563906222956647,-2.7755575615628914e-17,0.0,-2.7755575615628914e-17,2.7755575615628914e-17,0.0,-2.7755575615628914e-17,2.7755575615628914e-17,0.5,0.25
186,186,0.04879494069539851,0.0,0.0,0.0,0.0,0.0,0.0,0.15563906222956647,-2.7755575615628914e-17,2.7755575615628914e-17,0.0,2.7755575615628914e-17,-2.7755575615628914e-17,0.3443609377704336,0.15563906222956647,0.0,-1.1102230246251565e-16,0.2500000000000001
187,187,0.0,0.0,0.0,0.0,0.0,0.3112781244591328,0.0,0.0,0.0,0.0,0.0,0.0,0.0,0.0,0.0,0.0,0.49999999999999994,0.0
188,188,0.04879494069539851,0.0,0.0,0.0,0.0,0.0,0.0,0.0,0.15563906222956647,-2.7755575615628914e-17,0.0,-2.7755575615628914e-17,0.5,0.0,-2.7755575615628914e-17,2.7755575615628914e-17,2.7755575615628914e-17,0.25
189,189,0.0,0.0,0.0,0.0,0.0,0.0,0.0,0.0,0.3112781244591328,0.0,0.0,0.0,0.0,0.0,0.0,0.0,0.0,0.49999999999999994
190,190,0.0,0.0,0.0,0.0,0.0,0.0,0.0,0.3112781244591328,0.0,0.0,0.0,0.0,0.0,0.0,0.0,0.0,0.0,0.49999999999999994
191,191,0.1379253809700299,0.0,0.0,0.0,0.0,0.0,0.0,0.0,0.15563906222956644,0.0,0.0,0.0,0.0,0.0,0.0,0.0,0.0,0.24999999999999994
192,192,0.0,0.3112781244591328,0.0,0.0,0.0,0.0,0.0,0.0,0.0,0.0,0.0,0.0,0.49999999999999994,0.0,0.0,0.0,0.0,0.0
193,193,0.04879494069539851,0.0,0.0,0.0,0.0,0.0,0.0,0.0,0.15563906222956642,0.0,0.0,0.0,0.5,0.0,0.0,0.0,0.0,0.25
194,194,0.04879494069539851,0.0,0.0,0.0,0.0,0.0,0.0,0.0,0.15563906222956642,0.0,0.0,0.0,0.5,0.0,0.0,0.0,0.0,0.25
195,195,0.0,0.0,0.0,0.0,0.0,0.0,0.0,0.0,0.0,0.0,0.0,0.0,1.0,0.0,0.0,0.0,0.0,0.0
196,196,0.04879494069539851,0.0,0.0,0.0,0.0,0.0,0.15563906222956642,0.0,0.0,0.0,0.34436093777043364,0.15563906222956636,0.0,0.0,0.0,0.0,0.0,0.25
197,197,0.0,0.0,0.0,0.0,0.0,0.18872187554086717,0.0,0.0,0.31127812445913283,0.0,0.0,0.0,0.0,0.0,0.0,0.0,0.0,0.5
198,198,0.0,0.0,0.0,0.0,0.0,0.0,0.0,0.0,0.0,0.0,0.18872187554086717,0.31127812445913283,0.0,0.0,0.0,0.0,0.0,0.5
199,199,0.04879494069539851,0.0,0.0,0.0,0.0,0.0,0.0,0.0,0.15563906222956642,0.0,0.0,2.7755575615628914e-17,0.5,0.0,0.0,0.0,2.7755575615628914e-17,0.25
200,200,0.04879494069539851,0.0,0.0,0.0,0.0,0.0,0.15563906222956642,0.0,0.0,0.0,0.34436093777043364,0.15563906222956636,0.0,0.0,0.0,0.0,0.0,0.25
201,201,0.0,0.0,0.0,0.0,0.0,0.0,0.0,0.0,0.0,0.0,0.18872187554086717,0.31127812445913283,0.0,0.0,0.0,0.0,0.0,0.5
202,202,0.0,0.0,0.0,0.0,0.0,0.18872187554086717,0.0,0.0,0.31127812445913283,0.0,0.0,0.0,0.0,0.0,0.0,0.0,0.0,0.5
203,203,0.04879494069539851,0.0,0.0,0.0,0.0,0.0,0.0,0.0,0.15563906222956642,0.0,0.0,2.7755575615628914e-17,0.5,0.0,0.0,0.0,2.7755575615628914e-17,0.25
204,204,0.0,0.0,0.0,0.0,0.0,0.0,0.0,0.0,0.0,0.0,1.0,0.0,0.0,0.0,0.0,0.0,0.0,0.0
205,205,0.04879494069539851,0.0,0.0,0.0,0.0,0.0,0.15563906222956642,0.0,0.0,0.0,0.34436093777043364,0.15563906222956636,0.0,0.0,0.0,0.0,0.0,0.25
206,206,0.04879494069539851,0.0,0.0,0.0,0.0,0.0,0.15563906222956642,0.0,0.0,0.0,0.34436093777043364,0.15563906222956636,0.0,0.0,0.0,0.0,0.0,0.25
207,207,0.0,0.3112781244591328,0.0,0.0,0.0,0.0,0.0,0.0,0.0,0.0,0.0,0.0,0.49999999999999994,0.0,0.0,0.0,0.0,0.0
208,208,0.04879494069539851,0.0,0.0,0.15563906222956642,0.34436093777043364,0.0,0.0,0.0,0.0,0.15563906222956636,0.0,0.0,0.0,0.0,0.0,0.0,0.0,0.25
209,209,0.0,0.0,0.18872187554086717,0.0,0.0,0.0,0.0,0.0,0.31127812445913283,0.0,0.0,0.0,0.0,0.0,0.0,0.0,0.0,0.5
210,210,0.0,0.0,0.0,0.0,0.18872187554086717,0.0,0.0,0.0,0.0,0.31127812445913283,0.0,0.0,0.0,0.0,0.0,0.0,0.0,0.5
211,211,0.04879494069539851,0.0,0.0,0.0,0.0,0.0,0.0,0.0,0.15563906222956642,2.7755575615628914e-17,0.0,0.0,0.5,0.0,0.0,2.7755575615628914e-17,0.0,0.25
212,212,0.18872187554086717,0.0,0.0,0.0,0.0,0.0,0.0,0.0,0.31127812445913283,0.0,0.0,0.0,0.0,0.0,0.0,0.0,0.0,0.5
213,213,0.04879494069539851,0.0,0.0,0.0,0.0,0.0,0.0,0.15563906222956647,-2.7755575615628914e-17,2.7755575615628914e-17,0.0,2.7755575615628914e-17,-2.7755575615628914e-17,0.3443609377704336,0.15563906222956647,0.0,-1.1102230246251565e-16,0.2500000000000001
214,214,0.04879494069539851,0.0,0.0,0.0,0.0,0.0,0.0,0.0,0.15563906222956647,-2.7755575615628914e-17,0.0,-2.7755575615628914e-17,2.7755575615628914e-17,0.0,-2.7755575615628914e-17,2.7755575615628914e-17,2.7755575615628914e-17,0.75
215,215,0.0,0.0,0.0,0.0,0.0,0.0,0.0,0.3112781244591328,0.0,0.0,0.0,0.0,0.0,0.0,0.0,0.0,0.0,0.49999999999999994
216,216,0.0,0.18872187554086717,0.0,0.0,0.0,0.0,0.0,0.0,0.31127812445913283,0.0,0.0,0.0,0.0,0.0,0.0,0.0,0.0,0.5
217,217,0.04879494069539851,0.0,0.0,0.0,0.0,0.0,0.0,0.0,0.15563906222956647,-2.7755575615628914e-17,0.0,-2.7755575615628914e-17,2.7755575615628914e-17,0.0,-2.7755575615628914e-17,2.7755575615628914e-17,0.5,0.25
218,218,0.04879494069539851,0.0,0.0,0.0,0.0,0.0,0.0,0.0,0.15563906222956647,-2.7755575615628914e-17,0.0,-2.7755575615628914e-17,2.7755575615628914e-17,0.0,-2.7755575615628914e-17,0.5,2.7755575615628914e-17,0.25
219,219,0.0,0.0,0.0,0.0,0.0,0.0,0.0,0.0,0.3112781244591328,0.0,0.0,0.0,0.0,0.0,0.0,0.0,0.0,0.49999999999999994
220,220,0.04879494069539851,0.0,0.0,0.0,0.0,0.0,0.15563906222956647,0.0,-2.7755575615628914e-17,0.0,0.3443609377704336,0.15563906222956636,0.0,0.0,2.7755575615628914e-17,0.0,0.0,0.25
221,221,0.0,0.0,0.0,0.0,0.0,0.3112781244591328,0.0,0.0,0.0,0.0,0.0,0.0,0.0,0.0,0.0,0.0,0.49999999999999994,0.0
222,222,0.0,0.0,0.0,0.0,0.0,0.0,0.3112781244591328,0.0,0.0,0.0,0.0,0.0,0.0,0.0,0.0,0.0,0.0,0.49999999999999994
223,223,0.1379253809700299,0.0,0.0,0.0,0.0,0.0,0.0,0.0,0.15563906222956644,0.0,0.0,0.0,0.0,0.0,0.0,0.0,0.0,0.24999999999999994
224,224,0.04879494069539851,0.0,0.0,0.15563906222956642,0.34436093777043364,0.0,0.0,0.0,0.0,0.15563906222956636,0.0,0.0,0.0,0.0,0.0,0.0,0.0,0.25
225,225,0.0,0.0,0.0,0.0,0.18872187554086717,0.0,0.0,0.0,0.0,0.31127812445913283,0.0,0.0,0.0,0.0,0.0,0.0,0.0,0.5
226,226,0.0,0.0,0.18872187554086717,0.0,0.0,0.0,0.0,0.0,0.31127812445913283,0.0,0.0,0.0,0.0,0.0,0.0,0.0,0.0,0.5
227,227,0.04879494069539851,0.0,0.0,0.0,0.0,0.0,0.0,0.0,0.15563906222956642,2.7755575615628914e-17,0.0,0.0,0.5,0.0,0.0,2.7755575615628914e-17,0.0,0.25
228,228,0.0,0.18872187554086717,0.0,0.0,0.0,0.0,0.0,0.0,0.31127812445913283,0.0,0.0,0.0,0.0,0.0,0.0,0.0,0.0,0.5
229,229,0.04879494069539851,0.0,0.0,0.0,0.0,0.0,0.0,0.0,0.15563906222956647,-2.7755575615628914e-17,0.0,-2.7755575615628914e-17,2.7755575615628914e-17,0.0,-2.7755575615628914e-17,0.5,2.7755575615628914e-17,0.25
230,230,0.04879494069539851,0.0,0.0,0.0,0.0,0.0,0.0,0.0,0.15563906222956647,-2.7755575615628914e-17,0.0,-2.7755575615628914e-17,2.7755575615628914e-17,0.0,-2.7755575615628914e-17,2.7755575615628914e-17,0.5,0.25
231,231,0.0,0.0,0.0,0.0,0.0,0.0,0.0,0.0,0.3112781244591328,0.0,0.0,0.0,0.0,0.0,0.0,0.0,0.0,0.49999999999999994
232,232,0.18872187554086717,0.0,0.0,0.0,0.0,0.0,0.0,0.0,0.31127812445913283,0.0,0.0,0.0,0.0,0.0,0.0,0.0,0.0,0.5
233,233,0.04879494069539851,0.0,0.0,0.0,0.0,0.0,0.0,0.0,0.15563906222956647,-2.7755575615628914e-17,0.0,-2.7755575615628914e-17,2.7755575615628914e-17,0.0,-2.7755575615628914e-17,2.7755575615628914e-17,2.7755575615628914e-17,0.75
234,234,0.04879494069539851,0.0,0.0,0.0,0.0,0.0,0.0,0.15563906222956647,-2.7755575615628914e-17,2.7755575615628914e-17,0.0,2.7755575615628914e-17,-2.7755575615628914e-17,0.3443609377704336,0.15563906222956647,0.0,-1.1102230246251565e-16,0.2500000000000001
235,235,0.0,0.0,0.0,0.0,0.0,0.0,0.0,0.3112781244591328,0.0,0.0,0.0,0.0,0.0,0.0,0.0,0.0,0.0,0.49999999999999994
236,236,0.04879494069539851,0.0,0.0,0.0,0.0,0.0,0.15563906222956647,0.0,-2.7755575615628914e-17,0.0,0.3443609377704336,0.15563906222956636,0.0,0.0,2.7755575615628914e-17,0.0,0.0,0.25
237,237,0.0,0.0,0.0,0.0,0.0,0.0,0.3112781244591328,0.0,0.0,0.0,0.0,0.0,0.0,0.0,0.0,0.0,0.0,0.49999999999999994
238,238,0.0,0.0,0.0,0.0,0.0,0.3112781244591328,0.0,0.0,0.0,0.0,0.0,0.0,0.0,0.0,0.0,0.0,0.49999999999999994,0.0
239,239,0.1379253809700299,0.0,0.0,0.0,0.0,0.0,0.0,0.0,0.15563906222956644,0.0,0.0,0.0,0.0,0.0,0.0,0.0,0.0,0.24999999999999994
240,240,0.0,0.0,0.0,0.0,1.0,0.0,0.0,0.0,0.0,0.0,0.0,0.0,0.0,0.0,0.0,0.0,0.0,0.0
241,241,0.04879494069539851,0.0,0.0,0.15563906222956642,0.34436093777043364,0.0,0.0,0.0,0.0,0.15563906222956636,0.0,0.0,0.0,0.0,0.0,0.0,0.0,0.25
242,242,0.04879494069539851,0.0,0.0,0.15563906222956642,0.34436093777043364,0.0,0.0,0.0,0.0,0.15563906222956636,0.0,0.0,0.0,0.0,0.0,0.0,0.0,0.25
243,243,0.0,0.3112781244591328,0.0,0.0,0.0,0.0,0.0,0.0,0.0,0.0,0.0,0.0,0.49999999999999994,0.0,0.0,0.0,0.0,0.0
244,244,0.04879494069539851,0.0,0.0,0.15563906222956647,0.3443609377704336,0.0,0.0,0.0,-2.7755575615628914e-17,0.15563906222956636,0.0,0.0,0.0,0.0,2.7755575615628914e-17,0.0,0.0,0.25
245,245,0.0,0.0,0.3112781244591328,0.0,0.0,0.0,0.0,0.0,0.0,0.0,0.0,0.0,0.0,0.0,0.0,0.49999999999999994,0.0,0.0
246,246,0.0,0.0,0.0,0.3112781244591328,0.0,0.0,0.0,0.0,0.0,0.0,0.0,0.0,0.0,0.0,0.0,0.0,0.0,0.49999999999999994
247,247,0.1379253809700299,0.0,0.0,0.0,0.0,0.0,0.0,0.0,0.15563906222956644,0.0,0.0,0.0,0.0,0.0,0.0,0.0,0.0,0.24999999999999994
248,248,0.04879494069539851,0.0,0.0,0.15563906222956647,0.3443609377704336,0.0,0.0,0.0,-2.7755575615628914e-17,0.15563906222956636,0.0,0.0,0.0,0.0,2.7755575615628914e-17,0.0,0.0,0.25
249,249,0.0,0.0,0.0,0.3112781244591328,0.0,0.0,0.0,0.0,0.0,0.0,0.0,0.0,0.0,0.0,0.0,0.0,0.0,0.49999999999999994
250,250,0.0,0.0,0.3112781244591328,0.0,0.0,0.0,0.0,0.0,0.0,0.0,0.0,0.0,0.0,0.0,0.0,0.49999999999999994,0.0,0.0
251,251,0.1379253809700299,0.0,0.0,0.0,0.0,0.0,0.0,0.0,0.15563906222956644,0.0,0.0,0.0,0.0,0.0,0.0,0.0,0.0,0.24999999999999994
252,252,0.0,0.3112781244591328,0.0,0.0,0.0,0.0,0.0,0.0,0.0,0.0,0.0,0.0,0.49999999999999994,0.0,0.0,0.0,0.0,0.0
253,253,0.1379253809700299,0.0,0.0,0.0,0.0,0.0,0.0,0.0,0.15563906222956644,0.0,0.0,0.0,0.0,0.0,0.0,0.0,0.0,0.24999999999999994
254,254,0.1379253809700299,0.0,0.0,0.0,0.0,0.0,0.0,0.0,0.15563906222956644,0.0,0.0,0.0,0.0,0.0,0.0,0.0,0.0,0.24999999999999994
255,255,0.0,0.0,0.0,0.0,0.0,0.0,0.0,0.0,0.0,0.0,0.0,0.0,0.0,0.0,0.0,0.0,0.0,0.0
